{
  "action": [
    {
      "poster": "images/madmax.jpg",
      "title": "Mad Max: Fury Road",
      "genre": "Action",
      "duration": "120 min",
      "rating": "8.1"
    },
    {
      "poster": "images/johnwick.jpg",
      "title": "John Wick",
      "genre": "Action",
      "duration": "101 min",
      "rating": "7.4"
    },
    {
      "poster": "images/thedarkknight.jpg",
      "title": "The Dark Knight",
      "genre": "Action",
      "duration": "152 min",
      "rating": "9.0"
    }
  ],
  "thriller": [
    {
      "poster": "images/gonegirl.jpg",
      "title": "Gone Girl",
      "genre": "Thriller",
      "duration": "149 min",
      "rating": "8.1"
    },
    {
      "poster": "images/shutterisland.jpg",
      "title": "Shutter Island",
      "genre": "Thriller",
      "duration": "138 min",
      "rating": "8.2"
    },
    {
      "poster": "images/prisoners.jpg",
      "title": "Prisoners",
      "genre": "Thriller",
      "duration": "153 min",
      "rating": "8.1"
    }
  ]
}